id.site,site.type,hydrology,region,fg.ratio,fg.ratio.std,rest.meth,land.use.hist,rest.age,rest.age.std,cover.grass,cover.forbs,cover.legumes,tot.hill.0,tot.hill.1,target.hill.0,target.hill.1,fcsi.hill.0
M_ALT,negative,moist,centre,0.183,-0.8555051007579456,NA,NA,NA,NA,64.5,11.75,0.05,21,5.688228662883306,14,4.340188682236613,2.6479462770325046
M_ASE,restored,fresh,centre,0.564,-0.42110054581110323,res,arable land,2,-1.0246206383809016,56.75,31.25,0.75,48,17.473639692980914,25,12.521133602399196,3.220541104187262
M_BAD,restored,dry,centre,3.221,2.6083296444612336,mga,grassland,5,-0.6618041500361889,10.75,32.25,2.375,42,16.91442561807495,30,12.396475248556484,3.403758202523829
M_BAL,negative,fresh,centre,0.567,-0.4176800375044352,NA,NA,NA,NA,48.75,25,2.625,31,10.270704754902928,19,5.600553362817865,2.9484793887034453
M_BEE,restored,fresh,centre,0.43,-0.5738832501756094,cus,arable land,25,1.7569724389285628,58.75,25,0.25,20,7.626230156745512,17,8.18687743878867,2.847812143477369
M_BEN,restored,fresh,centre,0.202,-0.8338418814823811,res,arable land,2,-1.0246206383809016,33,6.25,0.4,20,7.807325286408949,18,7.018686454807371,2.908720896564361
M_BIR,positive,fresh,centre,0.915,-0.020901073930941264,NA,NA,NA,NA,50,38.75,7,45,18.886753322146365,36,16.82101885613381,3.586292865338835
M_BOD,negative,fresh,centre,0.511,-0.4815295258955721,NA,NA,NA,NA,54.75,13.25,14.75,24,8.471017817759831,18,7.21770087040032,2.8982769374032777
M_BRA,restored,dry,centre,1.579,0.7361714312782538,res,arable land,10,-0.05711000279500098,36.25,25,32.25,38,10.527115864072345,31,8.898384907773448,3.4380113547848716
M_BUH,restored,fresh,centre,2.261,1.5137669863274574,res,arable land,3,-0.903681808932664,28.75,48.75,16.25,49,14.45780977034361,45,13.832315256650835,3.8110970868381857
M_CAL,restored,fresh,centre,1.673,0.8433473582205194,res,arable land,6,-0.5408653205879513,27.5,41.75,4.25,27,10.8287286247153,19,9.9818836644433,2.9502698994772336
M_CBE,negative,fresh,centre,0.198,-0.8384025592246053,NA,NA,NA,NA,65.75,13,0,18,5.9123251013833125,13,4.904294802833336,2.5776883832389665
M_DOB,restored,dry,centre,3.029,2.389417112834478,res,arable land,6,-0.5408653205879513,17.5,35,18,52,20.329996005505755,44,19.49869083946603,3.786711703350971
M_DOR,restored,fresh,centre,0.4,-0.60808833324229,cus,arable land,27,1.9988500978250379,45,16.25,1.75,25,7.466780051571021,20,4.974570421681989,3.004031076368686
M_EIC,negative,fresh,centre,0.929,-0.004938701833157017,NA,NA,NA,NA,43.75,11.75,28.875,16,7.994534087936983,11,5.095158596689987,2.412933150162911
M_FAL,restored,fresh,centre,1.129,0.22309518527804628,res,arable land,6,-0.5408653205879513,43.75,48.75,0.625,28,10.70153916269698,24,9.068739904969862,3.186352633162641
M_FRB,restored,dry,centre,1.188,0.2903651819758512,mga,grassland,14,0.42664531499794933,41.25,32.5,16.5,52,15.747462105050843,40,13.57376729434612,3.69080068429183
M_GRO,restored,fresh,centre,0.31,-0.7107035824423314,cus,arable land,26,1.8779112683768002,50.75,7.5,8.25,30,5.502643726022036,15,3.6830475189990177,2.7122082112508736
M_HAH,positive,dry,centre,0.987,0.061191125429091886,NA,NA,NA,NA,27.5,27,0.15,28,10.747274107826566,26,9.99720727886572,3.270835563798912
M_HAI,restored,fresh,centre,0.444,-0.5579208780778252,mga,grassland,11,0.0638288266532366,51.25,17.5,5.25,37,17.37256565776405,29,13.125396800530163,3.3711199264248775
M_HAR,restored,fresh,centre,1.318,0.4385872085981335,res,arable land,12,0.18476765610147416,37,42.5,6.25,30,10.344323086050853,25,8.719494502620174,3.2255203675868693
M_HIR,restored,dry,centre,1.208,0.31316857068697157,mga,grassland,9,-0.17804883224323856,30,36.25,0,42,13.277668757837308,33,11.057185706934922,3.4995332823830174
M_HLI,positive,fresh,centre,1.761,0.9436822685494487,NA,NA,NA,NA,28.25,28,21.75,45,16.763565172465686,36,16.01452239058936,3.586292865338835
M_HNB,restored,dry,centre,0.798,-0.15430089789099521,mga,grassland,2,-1.0246206383809016,31,21.25,3.5,42,16.982782590805797,34,14.38935326193128,3.5296231702509777
M_HOH,restored,moist,centre,1.35,0.4750726305359261,cus,arable land,26,1.8779112683768002,38,51.25,0.05,25,7.123305931820367,17,4.761066293304578,2.83972802507741
M_ILB,restored,fresh,centre,2.478,1.7611837538431132,res,arable land,12,0.18476765610147416,28.75,16.25,55,29,8.549167243183817,25,7.679032573983604,3.2268439945173775
M_JEP,positive,fresh,centre,1.739,0.9185985409672166,NA,NA,NA,NA,32.5,55,1.525,35,10.780515989876722,30,9.69010388976738,3.4067375620377707
M_JER,restored,fresh,centre,4.5,4.066606352537379,dih,arable land,5,-0.6618041500361889,14.5,60.5,4.75,40,15.744690609950185,32,12.725834565248844,3.4692021107762128
M_KAL,positive,fresh,centre,0.745,-0.21472987797546417,NA,NA,NA,NA,38.25,16.75,11.75,37,10.187693761121524,30,9.1874809107973,3.405355391810819
M_KAP,negative,fresh,centre,0.265,-0.7620112070423521,NA,NA,NA,NA,75,14.25,5.625,20,4.625981454287714,14,6.184426116453712,2.649209701079277
M_KIF,negative,dry,centre,0.447,-0.5545003697711571,NA,NA,NA,NA,42.5,17.5,1.5,36,10.400794487157476,24,7.3460577701209795,3.1812538330786166
M_KOL,restored,dry,centre,0.804,-0.1474598812776591,res,arable land,3,-0.903681808932664,40.75,29.75,3,24,10.733112466110155,22,9.631975724701096,3.106080330722856
M_KOT,restored,fresh,centre,1.04,0.12162010551356082,res,arable land,4,-0.7827429794844265,43.75,16.75,28.75,48,11.126862993057992,39,9.464304871352512,3.66612246699132
M_KUH,restored,dry,centre,0.324,-0.6947412103445473,mga,grassland,4,-0.7827429794844265,47.5,15,0.375,42,6.160018748663475,36,5.781569787262459,3.587479339672207
M_LOB,restored,fresh,centre,1.376,0.5047170358603823,cus,arable land,NA,NA,41.25,37.5,19.25,32,12.593007785127028,26,10.337562006422347,3.2635760037861075
M_MOZ,positive,moist,centre,0.688,-0.2797195358021572,NA,NA,NA,NA,60,38.75,2.5,37,14.789288317988683,34,13.523271877922385,3.5336865647082343
M_NEL,restored,dry,centre,0.917,-0.01862073505982923,mga,grassland,14,0.42664531499794933,10.25,8.75,0.65,25,10.19404481270817,22,8.942037857988282,3.1023420086122493
M_NIS,negative,dry,centre,1.727,0.9049165077405444,NA,NA,NA,NA,27.5,47.5,0,47,12.50216844166928,31,8.67914485859685,3.435882939650045
M_PRA,restored,moist,centre,1.354,0.47963330827815015,dih,arable land,22,1.39415595058385,36.75,23.5,26.275,35,9.51614552928298,23,5.968589282681157,3.138833117194664
M_SKF,restored,fresh,centre,1.363,0.4898948331981542,res,arable land,9,-0.17804883224323856,25.5,31,3.75,38,14.664002071487886,31,13.271670091764223,3.4380113547848716
M_SMH,negative,dry,centre,0.237,-0.7939359512379207,NA,NA,NA,NA,55,12,1.025,26,4.666801046445508,19,3.4702049951977196,2.9509963797125995
M_SSB,positive,dry,centre,1.259,0.37131721190032835,NA,NA,NA,NA,27,33.5,0.5,43,16.427458139414753,39,15.57693613685352,3.6686767467964168
M_SSL,positive,dry,centre,0.722,-0.24095377499325257,NA,NA,NA,NA,43,31,0.025,45,16.739543382484154,39,15.103285116522676,3.667217957332757
M_STA,restored,fresh,centre,0.8,-0.15202055901988318,res,grassland,5,-0.6618041500361889,50,36.25,3.75,43,15.737078553173273,36,12.82299450776957,3.586985146432596
M_STF,restored,moist,centre,1.2,0.3040472152025234,dih,arable land,3,-0.903681808932664,33.75,26.25,14.25,53,21.56746065100606,35,17.056489371940245,3.5568506913739486
M_STI,restored,moist,centre,0.387,-0.6229105359045182,cus,arable land,28,2.1197889272732753,65,25,0.125,29,10.92768965214277,22,8.700112252360512,3.096708190893993
M_STN,restored,dry,centre,0.786,-0.16798293111766743,mga,grassland,2,-1.0246206383809016,46.25,36.25,0.125,64,22.314949306090497,52,23.37077815647053,3.9527219154507383
M_STP,positive,fresh,centre,0.961,0.031546720104635426,NA,NA,NA,NA,51.25,23,26.25,31,13.347455045335188,26,12.921231985207609,3.264486336120253
M_SUL,negative,fresh,centre,0.099,-0.951279333344651,NA,NA,NA,NA,73,7.25,0,21,2.037188311373798,10,1.7127002394557638,2.310883895808741
M_TAN,restored,dry,centre,1.209,0.3143087401225277,mga,grassland,11,0.0638288266532366,21.5,22,4,40,16.477190733894393,35,14.976264878271824,3.5600986642480112
M_TRE,restored,fresh,centre,0.933,-3.7802409093294555e-4,res,grassland,8,-0.29898766169147617,41.25,37,1.5,33,9.602226891624516,24,7.874788381409383,3.1822118404966093
M_TRN,negative,moist,centre,0.383,-0.6274712136467422,NA,NA,NA,NA,56.75,21,0.75,19,10.572056267181496,10,6.2160386752034,2.3125354238472138
M_TTH,restored,dry,centre,1.638,0.8034414279760587,mga,grassland,11,0.0638288266532366,20,32,0.75,48,15.05748969209774,42,13.600078018927118,3.741065207284507
M_TTO,positive,dry,centre,2.929,2.2754001692788766,NA,NA,NA,NA,17.5,51.25,0,68,26.52524531973457,59,22.957370003875983,4.079230924412053
M_TTP,restored,dry,centre,1.05,0.133021799869121,mga,grassland,13,0.30570648554971175,25,22.5,3.75,43,15.202232866001555,40,14.372541981317188,3.695110003864572
M_VOC,restored,fresh,centre,1.44,0.5776878797359675,dih,arable land,8,-0.29898766169147617,37.5,25.75,28.25,44,19.283329830956397,39,18.6715210518221,3.667826044916104
M_WDG,restored,fresh,centre,2.292,1.5491122388296936,res,arable land,6,-0.5408653205879513,22.25,18.75,32.25,38,8.496384541178086,33,7.3077742063452735,3.5015453554964373
M_WED,restored,moist,centre,0.362,-0.6514147717934186,res,arable land,7,-0.4199264911397137,58.75,20,1.275,27,7.630872624203084,22,6.363382814334708,3.0985896589936988
M_WEF,restored,moist,centre,0.111,-0.9375973001179788,mga,grassland,13,0.30570648554971175,63.25,7,0,29,7.810854518716119,22,7.157195004116299,3.096708190893993
M_WIM,restored,fresh,centre,1.162,0.26072077665139476,res,arable land,6,-0.5408653205879513,37,27.5,15.5,37,11.505874820626667,34,11.421991740867671,3.5336865647082343
M_WLE,negative,moist,centre,1.197,0.30062670689585547,NA,NA,NA,NA,45.75,54.75,0,17,3.4472544188344294,15,3.228262554622835,2.7300291078209855
M_WUG,restored,fresh,centre,0.997,0.07259281978465207,mga,arable land,NA,NA,40,38.75,1.125,41,18.018499178062942,29,12.20769227229808,3.369944838158051
M_WUM,restored,fresh,centre,0.87,-0.07220869853096207,mga,grassland,NA,NA,48,40,1.75,51,20.937977268467304,35,15.239091480180988,3.557027323009134
M_WUN,negative,fresh,centre,0.144,-0.8999717087446302,NA,NA,NA,NA,76.25,10,1,19,4.96980367683958,14,4.3276829321868755,2.6508917872622613
M_WUP,positive,fresh,centre,0.916,-0.019760904495385246,NA,NA,NA,NA,40,36.25,0.375,47,17.550376297983203,32,17.73172145462696,3.467687122930988
M_WUR,positive,moist,centre,0.774,-0.18166496434433965,NA,NA,NA,NA,41,31.25,0.5,39,11.413337858545638,30,9.2959566381964,3.40452517175483
N_AFE,restored,fresh,north,1.005,0.08171417526910008,cus,arable land,34,2.845421903962701,50,47.5,2.75,33,12.172447816586546,26,10.870451610753392,3.262892710284975
N_ALA,restored,fresh,north,1.361,0.4876144943270421,res,grassland,6,-0.5408653205879513,45,47.5,13.75,42,13.52623764535936,33,13.1580134024917,3.4995332823830174
N_ARE,restored,fresh,north,0.358,-0.6559754495356427,res,arable land,NA,NA,61.25,21.25,0.65,34,8.528651574233427,28,8.281565289861327,3.337293579682675
N_BEB,restored,fresh,north,0.021,-1.0402125493180203,cus,arable land,29,2.240727756721513,90,1.875,0,13,3.3034622041832984,9,3.0348526136202136,2.2192034840549946
N_BEN,negative,fresh,north,0.15,-0.8931306921312941,NA,NA,NA,NA,91.75,13.75,0,12,5.328490052349661,12,5.328490052349661,2.5649493574615367
N_BIT,restored,fresh,north,1.782,0.9676258266961253,dih,grassland,4,-0.7827429794844265,32.5,57.5,0.4,24,6.391164271940755,21,6.321369905702665,3.056356895370426
N_BLE,positive,fresh,north,0.821,-0.12807700087320695,NA,NA,NA,NA,60,43.75,5.5,39,13.597833969585706,30,11.238497656835388,3.40452517175483
N_BLU,restored,fresh,north,0.686,-0.2819998746732691,cus,arable land,28,2.1197889272732753,43.75,29.5,0.525,31,7.623853150046571,24,6.54966452739062,3.1832486472250494
N_BRD,restored,fresh,north,0.426,-0.5784439279178334,dih,grassland,3,-0.903681808932664,52.5,20.75,1.625,42,5.493233732234986,36,4.783267045762075,3.587479339672207
N_BRE,restored,dry,north,0.846,-0.09957276498430649,res,arable land,4,-0.7827429794844265,48.75,20,21.25,42,15.60706943852336,39,15.282070209487236,3.669951444228418
N_BRO,restored,dry,north,2.809,2.1385798370121547,dih,arable land,8,-0.29898766169147617,17,43.75,4,41,10.892113297745256,35,9.424911121184902,3.5594213868770495
N_BU1,negative,fresh,north,0.563,-0.42224071524665924,NA,NA,NA,NA,80,13.75,31.25,25,6.831115671271139,23,6.4745357593223165,3.14988295338125
N_BU2,negative,moist,north,0.079,-0.9740827220557714,NA,NA,NA,NA,95,6.25,1.25,32,8.724934237192171,25,7.544567650198599,3.22386336637924
N_CAM,positive,dry,north,0.132,-0.9136537419713024,NA,NA,NA,NA,19.25,2.5,0.05,20,5.530719232800966,19,5.447204320100582,2.970414465569701
N_CNI,restored,moist,north,0.361,-0.6525549412289746,mga,grassland,16,0.6685229738944245,71.25,22,3.75,29,6.518694935847649,22,5.608376638412584,3.096708190893993
N_DAM,restored,fresh,north,0.027,-1.0333715327046842,res,arable land,7,-0.4199264911397137,48.75,0.9,0.425,9,1.2366877626684054,6,1.094200972243796,1.8325814637483104
N_DUM,positive,moist,north,0.613,-0.36523224346885835,NA,NA,NA,NA,77.5,21.25,26.25,34,15.27830346737286,33,14.945300376944218,3.5115454388310208
N_EIC,restored,dry,north,1.001,0.077153497526876,dih,grassland,6,-0.5408653205879513,45,45,0.05,28,9.883682959147048,25,9.805794895239393,3.228826155721369
N_ELB,restored,fresh,north,1.714,0.890094305078316,res,arable land,5,-0.6618041500361889,35,40,20,23,10.600284707417083,20,10.088454942979109,3.0081547935525483
N_FLA,negative,moist,north,0.002,-1.0618757685935847,NA,NA,NA,NA,95,0.175,0.025,13,2.3159787068916073,12,2.310793264423468,2.5257286443082556
N_GAM,restored,fresh,north,0.305,-0.7164044296201114,cus,arable land,30,2.3616665861697506,81.25,18.75,6,26,9.371898571055295,20,8.948470559351344,3.002849741322855
N_GAR,restored,fresh,north,3.756,3.218320292483702,cus,arable land,17,0.789461803342662,21.5,8.25,72.5,19,4.538677050288187,18,4.442224594171702,2.917770732084279
N_GBI,positive,moist,north,1.187,0.2892250125402953,NA,NA,NA,NA,45,33.75,19.65,46,17.75228024117896,37,15.950628315369464,3.6136169696133895
N_GUT,restored,fresh,north,1.366,0.49331534150482237,res,arable land,8,-0.29898766169147617,51.25,30,40,50,16.097372281030676,41,15.07845919086785,3.716008121502189
N_HAI,restored,moist,north,0.048,-1.0094279745580077,mga,grassland,3,-0.903681808932664,73.5,3.525,0,15,5.121846181756218,14,5.111881758305522,2.6741486494265287
N_HOH,restored,dry,north,1.101,0.1911704410824778,mga,arable land,7,-0.4199264911397137,27.5,30,0.275,31,9.442711668371295,24,9.212544568024256,3.1832486472250494
N_HOR,restored,dry,north,0.452,-0.548799522593377,cus,arable land,4,-0.7827429794844265,36.25,13.75,2.625,26,7.672438487709771,20,9.617037589802106,3.002849741322855
N_HOY,restored,moist,north,0.293,-0.7300864628467837,mga,arable land,3,-0.903681808932664,47.5,0.65,13.25,14,5.58917533142785,10,4.455360333202925,2.3223877202902252
N_ISE,positive,dry,north,0.383,-0.6274712136467422,NA,NA,NA,NA,66.25,25.25,0.15,23,8.582788921390028,19,7.298068097063984,2.954910279033736
N_JAS,restored,fresh,north,0.604,-0.37549376838886256,cus,arable land,10,-0.05711000279500098,61.25,15.75,21.25,33,9.717460130669592,28,9.175368461126777,3.3381392456950185
N_KAP,restored,fresh,north,0.87,-0.07220869853096207,dih,arable land,7,-0.4199264911397137,46.25,35,5.25,34,9.05149524205594,28,7.921982207608797,3.337293579682675
N_KIR,positive,moist,north,0.294,-0.7289462934112277,NA,NA,NA,NA,62.5,17.5,0.875,35,12.023476689985362,31,10.471812013210569,3.4404180948154366
N_KRI,restored,fresh,north,0.223,-0.8098983233357049,cus,arable land,12,0.18476765610147416,76.25,17,0.025,14,3.273389982377228,14,3.273389982377228,2.70805020110221
N_LUB,restored,fresh,north,0.932,-0.0015181935264889632,dih,arable land,27,1.9988500978250379,58.75,53.75,1.025,34,12.204387750772314,26,9.397790456119342,3.2623609368079394
N_MAU,restored,dry,north,1.378,0.5069973747314943,cus,arable land,4,-0.7827429794844265,38.75,52.5,0.9,31,6.355320803024493,26,6.129793174579894,3.264486336120253
N_MEC,negative,fresh,north,0.005,-1.0584552602869166,NA,NA,NA,NA,95,0.425,0.07500000000000001,15,1.9015213152908128,11,1.2297996257847987,2.4159137783010487
N_MOO,restored,fresh,north,1,0.07601332809132012,res,arable land,5,-0.6618041500361889,56.25,47.5,8.775,38,8.519979679399814,30,7.956075328549,3.4048942435434815
N_NLG,restored,moist,north,0.109,-0.9398776389890908,res,arable land,9,-0.17804883224323856,93.75,0.175,10,19,8.317445673945006,18,8.306082552198356,2.917770732084279
N_OCH,restored,dry,north,3.32,2.721206418581279,dih,grassland,5,-0.6618041500361889,13.75,45,0.65,45,11.02078983484427,34,7.809808840314288,3.528808506254802
N_OLE,negative,fresh,north,0.239,-0.7916556123668086,NA,NA,NA,NA,83.75,20,0.025,11,3.3698290581287837,10,3.134365383483309,2.3513752571634776
N_PAN,restored,fresh,north,0.837,-0.10983428990431066,res,arable land,5,-0.6618041500361889,61.25,32.5,18.75,28,6.8537917604234915,25,6.664789405139429,3.228826155721369
N_PEV,restored,dry,north,0.853,-0.09159157893541436,dih,grassland,3,-0.903681808932664,56.25,38.75,9.25,48,10.41154661904998,39,6.623707572796183,3.66612246699132
N_PFE,restored,moist,north,0.101,-0.948998994473539,mga,grassland,NA,NA,88,8.75,0.175,25,6.39994905707351,23,6.311104181880259,3.14988295338125
N_RAD,negative,moist,north,0.102,-0.9478588250379829,NA,NA,NA,NA,77.5,7.75,0.175,29,7.369043761657214,27,6.388738681139964,3.3081069585961433
N_RET,restored,moist,north,0.441,-0.5613413863844933,mga,grassland,3,-0.903681808932664,73.75,32.5,0.037500000000000006,27,6.0246909099130015,26,5.972344603172888,3.277144732992177
N_SCH,positive,moist,north,1.857,1.0531385343628266,NA,NA,NA,NA,35,48.75,16.25,44,14.097971772542218,41,12.890052786119991,3.71965111278069
N_SMG,negative,fresh,north,0.002,-1.0618757685935847,NA,NA,NA,NA,100,0.1,0.07500000000000001,15,4.467815098957835,8,3.270503812946332,2.094945728215801
N_STA,restored,fresh,north,0.135,-0.9102332336646344,cus,arable land,17,0.789461803342662,71.25,2.125,7.5,24,3.8026368319247585,16,2.1979906572541927,2.779509165084355
N_STE,positive,moist,north,0.412,-0.5944063000156177,NA,NA,NA,NA,85,35,0.025,26,7.65337935925419,22,7.419122985234012,3.100092288878234
N_TAN,restored,fresh,north,0.471,-0.5271363033178128,mga,grassland,3,-0.903681808932664,81.25,30,8.25,41,17.12648464988326,32,15.41085679103051,3.4688560301359703
N_TAS,restored,fresh,north,0.051,-1.0060074662513396,cus,arable land,6,-0.5408653205879513,91,4.5,0.15,18,5.9062045690885725,14,4.371101077364478,2.653241964607215
N_TRI,negative,fresh,north,0.079,-0.9740827220557714,NA,NA,NA,NA,77.5,5.625,0.525,33,6.399076299173557,26,5.198254404622526,3.262892710284975
N_TUT,restored,dry,north,0.713,-0.25121529991325675,mga,arable land,3,-0.903681808932664,50,28.75,6.875,31,9.616091623255274,20,7.442132323551274,2.9998902837026544
N_UET,negative,fresh,north,0.369,-0.6434335857445265,NA,NA,NA,NA,68.75,21.75,3.625,26,9.170398308250936,22,8.635820879200693,3.100092288878234
N_VIE,positive,dry,north,0.873,-0.06878819022429401,NA,NA,NA,NA,57.5,47.5,2.675,33,9.197038109438848,27,8.866973558926984,3.3011139231051727
N_VOG,restored,moist,north,0.064,-0.9911852635891116,dih,arable land,5,-0.6618041500361889,98,6.275,0,24,2.957935111407409,16,2.091156610683768,2.779509165084355
N_WAL,restored,moist,north,0.586,-0.39601681822887086,dih,grassland,8,-0.29898766169147617,71.25,21.25,20.5,48,15.668632944357713,38,13.082241015414592,3.639975647123767
N_WEN,restored,dry,north,0.17,-0.8703273034201737,dih,grassland,5,-0.6618041500361889,82.5,13.75,0.3,32,4.581599509874114,29,4.109364188553392,3.3758795736778655
N_WER,positive,moist,north,0.611,-0.3675125823399704,NA,NA,NA,NA,66.25,31.75,8.75,45,16.67566778464003,41,14.36509954904782,3.7184382563554808
N_WIZ,positive,dry,north,1.496,0.6415373681271044,NA,NA,NA,NA,28.75,40,3,35,12.388632402917434,27,10.219765966088872,3.2999436479569826
N_ZDF,restored,fresh,north,0.285,-0.7392078183312318,res,arable land,5,-0.6618041500361889,76.25,11.25,10.5,28,8.420673231684814,27,8.296499868831798,3.3141860046725258
S_ACR,restored,dry,south,1.046,0.12846112212689695,dih,grassland,24,1.6360336094803252,43.75,36,9.75,69,24.97827592030503,65,23.17814252364279,4.177459468932607
S_AFR,restored,fresh,south,0.646,-0.32760665209550976,res,grassland,7,-0.4199264911397137,61.25,15.25,24.3125,36,14.57338983859391,31,14.126484273788853,3.439349147626532
S_AMP,positive,moist,south,0.903,-0.03458310715761348,NA,NA,NA,NA,54.25,33,16,53,25.50250121354651,48,24.37948672848939,3.874667218884377
S_AUH,restored,dry,south,2.793,2.1203371260432586,dih,arable land,26,1.8779112683768002,21.75,54,6.75,66,27.511346264432504,60,25.88800504136308,4.096722684627069
S_AUL,restored,fresh,south,0.463,-0.5362576588022608,res,arable land,NA,NA,60.5,9.75,18.25,42,12.54768351479603,38,12.222416198333187,3.6428355156125294
S_BUC,restored,dry,south,0.714,-0.2500751304777007,dih,arable land,8,-0.29898766169147617,55,23,16.25,50,18.461147286437583,45,18.03850336688958,3.8103593516516456
S_DIE,negative,dry,south,0.135,-0.9102332336646344,NA,NA,NA,NA,92.75,12.5,0,20,7.666298326015576,19,7.654106230989504,2.970414465569701
S_ECH,restored,dry,south,2.461,1.7418008734386605,res,arable land,10,-0.05711000279500098,28.75,58.75,12,63,25.58518566997117,61,24.564701378007612,4.116323468940876
S_EIT,positive,fresh,south,0.679,-0.2899810607221612,NA,NA,NA,NA,58.75,38.75,1.125,32,14.687058809828711,31,14.66584248192096,3.449987545831587
S_FCH,restored,fresh,south,1.325,0.4465683946470255,dih,grassland,23,1.5150947800320875,40,41.25,11.75,49,23.838778483765932,41,22.188365598623776,3.7162784283020502
S_FHZ,restored,moist,south,0.04,-1.018549330042456,dih,arable land,17,0.789461803342662,91.5,3.25,0.425,43,15.767855845257063,38,14.228227884213185,3.641962534326185
S_GIG,restored,fresh,south,0.322,-0.6970215492156593,dih,grassland,16,0.6685229738944245,70,21.75,0.7625,55,21.747254699263756,43,17.315639495168696,3.7629874262676584
S_GSH,restored,fresh,south,1.222,0.3291309427847558,res,arable land,2,-1.0246206383809016,45,28.75,26.25,46,22.277043661825186,38,17.549550403128258,3.640505869829721
S_GSR,restored,fresh,south,0.454,-0.546519183722265,dih,arable land,15,0.547584144446187,70,16.25,15.5,33,11.822297336658243,26,10.324767190217589,3.262892710284975
S_GTZ,restored,moist,south,0.309,-0.7118437518778874,dih,grassland,5,-0.6618041500361889,78.5,23.25,1,61,24.298428434056717,55,24.179180501815996,4.0099272204095175
S_HBF,negative,fresh,south,0.14,-0.9045323864868543,NA,NA,NA,NA,87.5,1.25,11,14,3.433858961650793,12,3.4162689003959312,2.512305623976115
S_HGR,negative,fresh,south,0.153,-0.8897101838246261,NA,NA,NA,NA,90,13.75,0.0025,20,4.597060677204307,10,2.6239721145826103,2.3116349285139637
S_HLZ,restored,moist,south,0.22,-0.813318831642373,dih,arable land,6,-0.5408653205879513,71.25,15,0.675,53,21.947013313801445,48,19.26574865055348,3.874667218884377
S_HTH,restored,dry,south,1.185,0.2869446736691833,dih,arable land,3,-0.903681808932664,39.25,30,16.5,78,26.24751187843782,58,21.93131312390038,4.061263691757849
S_HUB,restored,dry,south,2.178,1.419132923176308,dih,arable land,13,0.30570648554971175,29.5,34.75,29.5,52,22.81078827211634,48,21.914836117481403,3.8753590210565543
S_JAN,negative,fresh,south,0.048,-1.0094279745580077,NA,NA,NA,NA,94.5,1.5,3.03,16,1.7593222823743015,13,5.48832045096406,2.583997552432231
S_JAU,restored,fresh,south,4.513,4.081428555199607,res,arable land,3,-0.903681808932664,20,11.5,78.75,31,8.06213478402527,30,8.050746243124864,3.417726683613366
S_JHB,restored,moist,south,0.38,-0.6308917219534103,cus,arable land,36,3.087299562859176,65.75,22,3,45,16.532544767116068,41,14.027451749136208,3.7184382563554808
S_JOS,restored,fresh,south,1.49,0.6346963515137684,res,grassland,NA,NA,38.75,31.25,26.5,47,20.986600890551813,40,19.042191758276655,3.69199958145018
S_KDT,positive,fresh,south,1.333,0.45568975013147367,NA,NA,NA,NA,41.25,33.75,21.25,73,36.95812088881457,61,32.15038005793653,4.112134103785599
S_KRT,restored,dry,south,0.856,-0.08817107062874631,dih,grassland,13,0.30570648554971175,48.75,32.75,9,71,24.24473445165643,59,20.028234188111472,4.078840375686135
S_LAP,restored,fresh,south,1.452,0.5913699129626396,res,grassland,NA,NA,36.25,49.75,2.9,56,19.50325775964266,32,11.454718357320475,3.466985122200158
S_LPI,restored,dry,south,1.693,0.8661507469316398,dih,arable land,NA,NA,31.75,32.25,21.5,60,25.224018663508744,52,22.494747474531863,3.95337819111006
S_MAS,restored,moist,south,0.306,-0.7152642601845556,cus,grassland,NA,NA,73.75,21.75,0.8025,42,16.802691521114337,40,15.664703607123233,3.6971782569286313
S_MBM,restored,moist,south,0.434,-0.5693225724333854,dih,arable land,15,0.547584144446187,60.75,22.5,3.875,59,18.68086614480233,45,14.777559337911836,3.808142874940754
S_MCH,restored,fresh,south,5,4.636691070315387,res,grassland,NA,NA,14.25,49.25,22,54,20.154419187520787,41,18.399586382982427,3.715312711182092
S_MHH,positive,dry,south,0.588,-0.3937364793577588,NA,NA,NA,NA,63.75,25.5,12,55,16.113280699003123,48,14.181405065627157,3.873801792607949
S_MTK,positive,fresh,south,1.304,0.42262483650034927,NA,NA,NA,NA,45.25,44.75,14.25,37,21.261869183647995,36,21.23363591023996,3.597312260588446
S_NOZ,restored,fresh,south,3.96,3.4509148573371298,res,arable land,2,-1.0246206383809016,18.75,47.5,26.75,39,17.692430087146583,35,16.849188377388245,3.5610460826040513
S_OST,restored,moist,south,1.147,0.2436182351180546,dih,arable land,13,0.30570648554971175,42.5,40.25,8.5,81,30.583668681636233,66,27.655888783325818,4.190601263630456
S_OSW,restored,fresh,south,0.733,-0.22841191120213636,dih,arable land,11,0.0638288266532366,56.25,22,19.25,38,16.8465087265544,35,15.585651987033042,3.5624655292582776
S_PEI,restored,fresh,south,0.637,-0.33786817701551397,dih,grassland,2,-1.0246206383809016,61.25,38,1.025,36,11.903555286350008,32,10.90961813029953,3.471966452550362
S_PEN,negative,moist,south,0.336,-0.681059177117875,NA,NA,NA,NA,77.75,21,5.125,35,18.367385026764182,32,16.175104211519162,3.4735180432417816
S_POP,restored,fresh,south,0.393,-0.616069519291182,res,arable land,6,-0.5408653205879513,76.25,15.25,14.75,34,15.03603409891035,33,14.050915777379895,3.5115454388310208
S_RUP,negative,fresh,south,0.008,-1.0550347519802485,NA,NA,NA,NA,89,0.0575,0.64,12,1.9861709882333989,10,1.7019135984546088,2.3353749158170367
S_SBA,positive,dry,south,1.206,0.3108882318158595,NA,NA,NA,NA,45,46.5,7.75,67,28.648387437758306,63,27.08958149906251,4.146304301152812
S_SBN,restored,dry,south,1,0.07601332809132012,dih,arable land,15,0.547584144446187,35,28.75,6.25,75,28.91487198858569,60,25.73248988662211,4.095385686730511
S_SHH,restored,dry,south,1.441,0.5788280491715235,dih,arable land,22,1.39415595058385,42.5,35.5,25.75,58,25.178778892923013,52,23.770035102020508,3.9539872045271784
S_SIM,positive,fresh,south,1.108,0.19915162713137002,NA,NA,NA,NA,46.25,45.5,5.75,62,28.757105248636627,58,26.912008591007083,4.063885354737392
S_SNF,restored,moist,south,0.343,-0.6730779910689828,dih,arable land,4,-0.7827429794844265,71.75,20.25,4.375,54,19.01117654210782,46,16.352217659132922,3.831053942894479
S_STB,restored,moist,south,1.131,0.22537552414915832,dih,arable land,17,0.789461803342662,38.25,27,16.25,51,20.911166195231672,46,19.887269736327458,3.832258036959283
S_STW,positive,moist,south,0.6,-0.38005444613108663,NA,NA,NA,NA,62.5,30.75,6.75,70,26.359391094535905,62,24.47182050808552,4.12892489581888
S_TIE,restored,fresh,south,1.053,0.13644230817578892,res,arable land,6,-0.5408653205879513,47.5,22.75,27.25,39,19.812199177407123,35,19.125697173064676,3.5610460826040513
S_TRN,restored,fresh,south,1.355,0.48077347771370604,dih,arable land,NA,NA,38,25,26.5,49,16.765672901563395,31,13.454441248551042,3.435683557733325
S_UKB,negative,fresh,south,0.458,-0.5419585059800409,NA,NA,NA,NA,68.5,22.5,8.9,28,16.47101630434402,23,14.030072351986414,3.142714463902637
S_VIB,negative,moist,south,0.148,-0.8954110310024062,NA,NA,NA,NA,91.25,12.25,1.25,11,3.716905828853845,9,2.598191288194737,2.2335922215070942
S_VLP,positive,moist,south,0.521,-0.47012783154001186,NA,NA,NA,NA,66.25,30,4.5,50,17.22879088154462,44,15.329347063654213,3.787431127842432
S_VLR,restored,fresh,south,0.773,-0.18280513377989566,cus,arable land,23,1.5150947800320875,56.25,12,31.5,44,13.284717474099445,37,11.49539201385906,3.614290597122864
S_WGD,restored,fresh,south,0.645,-0.3287468215310658,cus,arable land,2,-1.0246206383809016,38.75,23,2,33,11.225057492492782,24,8.796396632560947,3.1822118404966093
S_WLF,negative,fresh,south,0.077,-0.9763630609268834,NA,NA,NA,NA,88.25,5.25,1.525,18,6.650949447692935,16,5.4045305220334745,2.793208009442517
S_WNG,positive,dry,south,0.815,-0.13491801748654303,NA,NA,NA,NA,51.25,37,4.75,49,16.299465080909435,36,11.603321751402756,3.5855010996601013
S_WNK,restored,fresh,south,1.01,0.08741502244688029,dih,grassland,11,0.0638288266532366,50,38.5,12,56,23.03070424540849,49,22.20008475741701,3.8943680701894254
S_WTB,negative,fresh,south,0.284,-0.740347987766788,NA,NA,NA,NA,80,12.75,10,21,6.654369117612525,16,5.72576799265549,2.782951509275328
S_WTH,restored,moist,south,1.235,0.3439531454469842,dih,grassland,NA,NA,42.5,42.5,10,44,13.158277120236326,38,11.424902345708396,3.641338509344936
S_WTZ,restored,fresh,south,0.421,-0.5841447750956137,dih,arable land,5,-0.6618041500361889,73,11,19.75,44,13.601274433208552,37,11.814665642919763,3.614290597122864
